,f1_measure,k
0,0.5786578657865787,50
1,0.5889967637540453,250
2,0.6029106029106029,450
3,0.614445574771109,650
4,0.6163141993957705,850
5,0.6176762661370407,1050
6,0.6227897838899804,1250
7,0.594420600858369,1450
8,0.5812917594654788,1650
9,0.6021052631578948,1850
10,0.6540198735320687,2050
11,0.6280193236714976,2250
