,f1_measure,k
0,0.5844980940279542,50
1,0.5515463917525774,250
2,0.5514612452350698,450
3,0.5637254901960784,650
4,0.5641025641025641,850
5,0.5679611650485438,1050
6,0.5566502463054186,1250
7,0.5535055350553505,1450
8,0.5634824667472794,1650
9,0.5621230398069965,1850
10,0.5606796116504854,2050
11,0.5570228091236493,2250
